<?xml version="1.0" encoding="UTF-8"?>
<hyperspace:child K="serp" V="cervell central">
	<hyperspace:child K="bastó" V="mòvil">
		<hyperspace:child K="conseqüència" V="seqüència">
			<hyperspace:child K="pecat" V="hipergènesi">
				<hyperspace:child K="astut" V="intel·ligent">
					<hyperspace:child K="replicar" V="respondre">
						<hyperspace:child K="morir" V="néixer">
							<hyperspace:child K="néixer" V="morir">
								<hyperspace:child K="obrir" V="tancar">
									<hyperspace:child K="tancar" V="obrir">
										<hyperspace:child K="ull" V="forat">
											<hyperspace:child K="tenir" V="posseïr">
												<hyperspace:child K="posseir" V="tenir">
													<hyperspace:child K="collir" V="recollir">
														<hyperspace:child K="recollir" V="collir">
															<hyperspace:child K="temptador" V="concurrent">
																<hyperspace:child K="fulla" V="par">
																	<hyperspace:child K="figuera" V="cadena">
																		<hyperspace:child K="cosir" V="programar">
																			<hyperspace:child K="faldar" V="variable">
																				<hyperspace:child K="pas" V="missatge">
																					<hyperspace:child K="passejar" V="recorre">
																						<hyperspace:child K="aire" V="entorn">
																							<hyperspace:child K="fresc" V="nou">
																								<hyperspace:child K="entremig" V="enmig">
																									<hyperspace:child K="enmig" V="entremig">
																										<hyperspace:child K="amagar" V="concorre">
																											<hyperspace:child K="cridar" V="obtenir">
																												<hyperspace:child K="respondre" V="contestar">
																													<hyperspace:child K="sentir" V="detectar">
																														<hyperspace:child K="prohibir" V="permetre">
																															<hyperspace:child K="oferir" V="injectar">
																																<hyperspace:child K="enganyar" V="concorre">
																																	<hyperspace:child K="fidel" V="radical">
																																		<hyperspace:child K="ventre" V="plataforma">
																																			<hyperspace:child K="damunt" V="davall">
																																				<hyperspace:child K="beneït" V="maleït">
																																					<hyperspace:child K="maleït" V="beneït">
																																						<hyperspace:child K="enemistat" V="guerra">
																																							<hyperspace:child K="llinatge" V="descendència">
																																								<hyperspace:child K="descendència" V="herència">
																																									<hyperspace:child K="taló" V="body">
																																										<hyperspace:child K="cap" V="head">
																																											<hyperspace:child K="atacar" V="concòrrer">
																																												<hyperspace:child K="patir" V="implementar">
																																													<hyperspace:child K="embaràs" V="gestació">
																																														<hyperspace:child K="dolor" V="concurrència">
																																															<hyperspace:child K="fatiga" V="homogeneïtzació">
																																																<hyperspace:child K="treure" V="extreure">
																																																	<hyperspace:child K="card" V="excepció">
																																																		<hyperspace:child K="espina" V="interrupció">
																																																			<hyperspace:child K="guanyar" V="perdre">
																																																				<hyperspace:child K="perdre" V="guanyar">
																																																					<hyperspace:child K="pa" V="temps">
																																																						<hyperspace:child K="sentir" V="escoltar">
																																																							<hyperspace:child K="suor" V="processat">
																																																								<hyperspace:child K="front" V="cervell">
																																																									<hyperspace:child K="pell" V="XML">
																																																										<hyperspace:child K="túnica" V="programa">
																																																											<hyperspace:child K="vestir" V="encapsular">
																																																												<hyperspace:child K="tornar" V="convertir">
																																																													<hyperspace:child K="agafar" V="obtenir">
																																																														<hyperspace:child K="treballar" V="operar">
																																																															<hyperspace:child K="cop" V="vegada">
																																																																<hyperspace:child K="espasa" V="phaser">
																																																																	<hyperspace:child K="guardar" V="salvar">
																																																																		<hyperspace:child K="querubins" V="deflectors">
																																																																			<hyperspace:child K="flama" V="làser">
																																																																				<hyperspace:child K="camí" V="torrent">
																																																																					<hyperspace:child K="patir" V="implementar">
																																																																						<hyperspace:child K="expulsar" V="enviar">
																																																																							<hyperspace:child K="sempre" V="mai">
																																																																								<hyperspace:child K="mai" V="sempre">
																																																																									<hyperspace:child K="guanyar" V="perdre">
																																																																										<hyperspace:child K="perdre" V="guanyar">
																																																																											<hyperspace:child K="permetre" V="prohibir">
																																																																												<hyperspace:child K="Eva" V="">
																																																																													<hyperspace:child K="fulgurant" V="fotònic">
																																																																													</hyperspace:child>
																																																																												</hyperspace:child>
																																																																											</hyperspace:child>
																																																																										</hyperspace:child>
																																																																									</hyperspace:child>
																																																																								</hyperspace:child>
																																																																							</hyperspace:child>
																																																																						</hyperspace:child>
																																																																					</hyperspace:child>
																																																																				</hyperspace:child>
																																																																			</hyperspace:child>
																																																																		</hyperspace:child>
																																																																	</hyperspace:child>
																																																																</hyperspace:child>
																																																															</hyperspace:child>
																																																														</hyperspace:child>
																																																													</hyperspace:child>
																																																												</hyperspace:child>
																																																											</hyperspace:child>
																																																										</hyperspace:child>
																																																									</hyperspace:child>
																																																								</hyperspace:child>
																																																							</hyperspace:child>
																																																						</hyperspace:child>
																																																					</hyperspace:child>
																																																				</hyperspace:child>
																																																			</hyperspace:child>
																																																		</hyperspace:child>
																																																	</hyperspace:child>
																																																</hyperspace:child>
																																															</hyperspace:child>
																																														</hyperspace:child>
																																													</hyperspace:child>
																																												</hyperspace:child>
																																											</hyperspace:child>
																																										</hyperspace:child>
																																									</hyperspace:child>
																																								</hyperspace:child>
																																							</hyperspace:child>
																																						</hyperspace:child>
																																					</hyperspace:child>
																																				</hyperspace:child>
																																			</hyperspace:child>
																																		</hyperspace:child>
																																	</hyperspace:child>
																																</hyperspace:child>
																															</hyperspace:child>
																														</hyperspace:child>
																													</hyperspace:child>
																												</hyperspace:child>
																											</hyperspace:child>
																										</hyperspace:child>
																									</hyperspace:child>
																								</hyperspace:child>
																							</hyperspace:child>
																						</hyperspace:child>
																					</hyperspace:child>
																				</hyperspace:child>
																			</hyperspace:child>
																		</hyperspace:child>
																	</hyperspace:child>
																</hyperspace:child>
															</hyperspace:child>
														</hyperspace:child>
													</hyperspace:child>
												</hyperspace:child>
											</hyperspace:child>
										</hyperspace:child>
									</hyperspace:child>
								</hyperspace:child>
							</hyperspace:child>
						</hyperspace:child>
					</hyperspace:child>
				</hyperspace:child>
			</hyperspace:child>
		</hyperspace:child>
	</hyperspace:child>
</hyperspace:child>
																																																																																																																																																																																				