<?xml version="1.0" encoding="UTF-8"?>
<hyperspace:child K="cel" V="hiperespai" >
	<hyperspace:child K="terra" V="univers" type="">
		<hyperspace:child K="tenebres" V="antimatèria" type="">
			<hyperspace:child K="cobrien" V="ocupaven">
				<hyperspace:child K="desolat" V="ordenat">
					<hyperspace:child K="superfície" V="volum">
						<hyperspace:child K="ocèa" V="espaitemps">
							<hyperspace:child K="planava" V="recorria">
								<hyperspace:child K="aigua" V="massa">
									<hyperspace:child K="digué" V="ordena">
										<hyperspace:child K="veié" V="comprova">
											<hyperspace:child K="col·locà" V="injecta">
												<hyperspace:child K="fer" V="programar">
													<hyperspace:child K="hagué" V="executa">
														<hyperspace:child K="donar" V="fer">
															<hyperspace:child K="dia" V="hipercub">
																<hyperspace:child K="nit" V="hipercadena">
																	<hyperspace:child K="vespre" V="flop">
																		<hyperspace:child K="firmament" V="extensió">
																			<hyperspace:child K="enmig" V="centre">
																				<hyperspace:child K="separar" V="ajuntar">
																					<hyperspace:child K="volta" V="espín">
																						<hyperspace:child K="espín del firmament" V="revolució">
																							<hyperspace:child K="indret" V="sector">
																								<hyperspace:child K="aplegar" V="reunir">
																									<hyperspace:child K="sobre" V="sota">
																										<hyperspace:child K="sota" V="sobre">
																											<hyperspace:child K="apareix" V="apareix">
																												<hyperspace:child K="continents" V="core">
																													<hyperspace:child K="massa reunida" V="espai">
																														<hyperspace:child K="produir" V="reproduir">
																															<hyperspace:child K="herbes" V="objectes">
																																<hyperspace:child K="arbres" V="algoritmes">
																																	<hyperspace:child K="llavor" V="arrel">
																																		<hyperspace:child K="fruit" V="fills">
																																			<hyperspace:child K="vegetació" V="abstracció">
																																				<hyperspace:child K="llumeners" V="mètodes">
																																					<hyperspace:child K="estrelles" V="forats">
																																						<hyperspace:child K="assenyalar" V="indicar">
																																							<hyperspace:child K="festivitats" V="esdeveniments">
																																								<hyperspace:child K="anys" V="genomapes">
																																									<hyperspace:child K="governés" V="ordenés">
																																										<hyperspace:child K="governés" V="ordenés">
																																											<hyperspace:child K="il·luminin" V="implosionin">
																																												<hyperspace:child K="il·luminessin" V="implosionessin">
																																													<hyperspace:child K="governessin" V="ordenessin">
																																														<hyperspace:child K="governessin" V="ordenessin">
																																															<hyperspace:child K="éssers vius" V="entitats">
																																																<hyperspace:child K="moguin" V="transmutin">
																																																	<hyperspace:child K="animals" V="cossos">
																																																		<hyperspace:child K="alat" V="mecànic">
																																																			<hyperspace:child K="monstres marins" V="constel·lacions">
																																																				<hyperspace:child K="dintre" V="fora">
																																																					<hyperspace:child K="volin" V="es recorrin">
																																																						<hyperspace:child K="fecund" V="comparable">
																																																							<hyperspace:child K="multipliqueu" V="dividiu">
																																																								<hyperspace:child K="menjar" V="succionar">
																																																									<hyperspace:child K="aliment" V="futur">
																																																										<hyperspace:child K="dono" V="entrego">
																																																											<hyperspace:child K="donin" V="facin">
																																																												<hyperspace:child K="fruit" V="fill">
																																																													<hyperspace:child K="circumcidar" V="concórrer">
																																																														<hyperspace:child K="gran" V="vell">
																																																															<hyperspace:child K="riu" V="flux">
																																																																<hyperspace:child K="petit" V="jove">
																																																																	<hyperspace:child K="principi" V="començament">
																																																																		<hyperspace:child K="mena" V="tipus">
																																																																			<hyperspace:child K="més" V="menys">
																																																																				<hyperspace:child K="menys" V="més">
																																																																					<hyperspace:child K="dintre" V="fora">
																																																																						<hyperspace:child K="dintre" V="fora">
																																																																							<hyperspace:child K="dir" V="ordenar">
																																																																								<hyperspace:child K="omplenar" V="buidar">
																																																																									<hyperspace:child K="buidar" V="omplenar">
																																																																										<hyperspace:child K="bestiar" V="maquinària">
																																																																											<hyperspace:child K="bestioles" V="màquines">
																																																																												<hyperspace:child K="domèstics" V="concurrents">
																																																																													<hyperspace:child K="ferèstecs" V="recurrents">
																																																																														<hyperspace:child K="cucs" V="cucs">
																																																																															<hyperspace:child K="home" V="robot">
																																																																																<hyperspace:child K="peixos" V="processos">
																																																																																	<hyperspace:child K="ocells" V="naus">
																																																																																		<hyperspace:child K="arrosseguen" V="concorren">
																																																																																			<hyperspace:child K="sotmeteu" V="domineu">
																																																																																				<hyperspace:child K="domineu" V="sotmeteu">
																																																																																					<hyperspace:child K="verda" V="temps">
																																																																																						<hyperspace:child K="estol" V="població">													
																																																																																						</hyperspace:child>
																																																																																					</hyperspace:child>
																																																																																				</hyperspace:child>
																																																																																			</hyperspace:child>
																																																																																		</hyperspace:child>
																																																																																	</hyperspace:child>
																																																																																</hyperspace:child>
																																																																															</hyperspace:child>
																																																																														</hyperspace:child>
																																																																													</hyperspace:child>
																																																																												</hyperspace:child>
																																																																											</hyperspace:child>
																																																																										</hyperspace:child>
																																																																									</hyperspace:child>
																																																																								</hyperspace:child>
																																																																							</hyperspace:child>
																																																																						</hyperspace:child>
																																																																					</hyperspace:child>
																																																																				</hyperspace:child>
																																																																			</hyperspace:child>
																																																																		</hyperspace:child>
																																																																	</hyperspace:child>
																																																																</hyperspace:child>
																																																															</hyperspace:child>
																																																														</hyperspace:child>
																																																													</hyperspace:child>
																																																												</hyperspace:child>
																																																											</hyperspace:child>
																																																										</hyperspace:child>
																																																									</hyperspace:child>
																																																								</hyperspace:child>
																																																							</hyperspace:child>
																																																						</hyperspace:child>
																																																					</hyperspace:child>	
																																																				</hyperspace:child>	
																																																			</hyperspace:child>																											
																																																		</hyperspace:child>
																																																	</hyperspace:child>
																																																</hyperspace:child>
																																															</hyperspace:child>
																																														</hyperspace:child>
																																													</hyperspace:child>
																																												</hyperspace:child>
																																											</hyperspace:child>
																																										</hyperspace:child>
																																									</hyperspace:child>
																																								</hyperspace:child>
																																							</hyperspace:child>
																																						</hyperspace:child>
																																					</hyperspace:child>
																																				</hyperspace:child>
																																			</hyperspace:child>
																																		</hyperspace:child>
																																	</hyperspace:child>
																																</hyperspace:child>
																															</hyperspace:child>
																														</hyperspace:child>
																													</hyperspace:child>
																												</hyperspace:child>
																											</hyperspace:child>
																										</hyperspace:child>
																									</hyperspace:child>
																								</hyperspace:child>
																							</hyperspace:child>
																						</hyperspace:child>
																					</hyperspace:child>
																				</hyperspace:child>
																			</hyperspace:child>
																		</hyperspace:child>
																	</hyperspace:child>
																</hyperspace:child>
															</hyperspace:child>
														</hyperspace:child>
													</hyperspace:child>
												</hyperspace:child>
											</hyperspace:child>	
										</hyperspace:child>
									</hyperspace:child>
								</hyperspace:child>
							</hyperspace:child>
						</hyperspace:child>
					</hyperspace:child>
				</hyperspace:child>
			</hyperspace:child>
		</hyperspace:child>
	</hyperspace:child>
</hyperspace:child>