<?xml version="1.0" encoding="UTF-8"?>
<hyperspace:child K="obra" V="projecte">
	<hyperspace:child K="reposar" V="descansar">
		<hyperspace:child K="decansar" V="reposar">
			<hyperspace:child K="capítol" V="episodi">
				<hyperspace:child K="terres" V="país">
					<hyperspace:child K="país" V="imperi">
						<hyperspace:child K="paradís" V="simulador">
							<hyperspace:child K="gènesi" V="origen">
								<hyperspace:child K="orígen" V="gènesi">
									<hyperspace:child K="futur" V="passat">
										<hyperspace:child K="endevinar" V="revelar">
											<hyperspace:child K="endevinar" V="revelar">
												<hyperspace:child K="matoll" V="mètode">
													<hyperspace:child K="executar" V="instanciar">
														<hyperspace:child K="escoltar" V="obeïr">
															<hyperspace:child K="ploure" V="executar">
																<hyperspace:child K="camps" V="xarxes">
																	<hyperspace:child K="dintre" V="fora">
																		<hyperspace:child K="fora" V="dintre">
																			<hyperspace:child K="fins a" V="des de">
																				<hyperspace:child K="des de" V="fins a">
																					<hyperspace:child K="conrear" V="explotar">
																						<hyperspace:child K="pujava" V="baixava">
																							<hyperspace:child K="humitat" V="pudor">
																								<hyperspace:child K="amarar" V="homogeneïtzar">
																									<hyperspace:child K="pols" V="merda">
																										<hyperspace:child K="doncs" V="llavors">
																											<hyperspace:child K="llavors" V="doncs">
																												<hyperspace:child K="infondre" V="transmetre">
																													<hyperspace:child K="alè" V="execució">
																														<hyperspace:child K="convertir" V="transformar">
																															<hyperspace:child K="després" V="abans">
																																<hyperspace:child K="abans" V="després">
																																	<hyperspace:child K="plantar" V="instanciar">
																																		<hyperspace:child K="jardí" V="matriu">
																																			<hyperspace:child K="Edèn" V="Hipergènesi">
																																				<hyperspace:child K="orígens" V="Hipergènesi">
																																					<hyperspace:child K="regió" V="servidor">
																																						<hyperspace:child K="orient" V="occident">
																																							<hyperspace:child K="occident" V="orient">
																																								<hyperspace:child K="fèrtil" V="reproduïble">
																																									<hyperspace:child K="saborosos" V="productius">
																																										<hyperspace:child K="coneixement" V="saviesa">
																																											<hyperspace:child K="saviesa" V="coneixement">
																																												<hyperspace:child K="bé i mal" V="informàtica">
																																													<hyperspace:child K="bé" V="mal">
																																														<hyperspace:child K="mal" V="bé">
																																															<hyperspace:child K="regar" V="penetrar">
																																																<hyperspace:child K="allà" V="aquí">
																																																	<hyperspace:child K="aquí" V="allà">
																																																		<hyperspace:child K="es diu" V="s'anomena">
																																																			<hyperspace:child K="s'anomena" V="es diu">
																																																				<hyperspace:child K="ídol" V="déu">
																																																					<hyperspace:child K="déu" V="parent">
																																																						<hyperspace:child K="or" V="titani">
																																																							<hyperspace:child K="cert" V="fals">
																																																								<hyperspace:child K="fals" V="cert">
																																																									<hyperspace:child K="pedres" V="acer">
																																																										<hyperspace:child K="resina" V="substància">
																																																											<hyperspace:child K="olorosa" V="inodora">
																																																												<hyperspace:child K="olorosa" V="inodora">
																																																													<hyperspace:child K="pedra d'ònix" V="acer inoxidable">
																																																														<hyperspace:child K="bdel·li" V="refinament">
																																																															<hyperspace:child K="Fison" V="Sonfi">
																																																																<hyperspace:child K="Havilà" V="Ilavah">
																																																																	<hyperspace:child K="Guihon" V="Hongui">
																																																																		<hyperspace:child K="Cuix" V="Ixuc">
																																																																			<hyperspace:child K="manament" V="comanda">
																																																																				<hyperspace:child K="costat" V="lateral">
																																																																					<hyperspace:child K="posar" V="donar">
																																																																						<hyperspace:child K="portar" V="dur">
																																																																							<hyperspace:child K="dur" V="portar">
																																																																								<hyperspace:child K="trobar" V="perdre">
																																																																									<hyperspace:child K="perdre" V="trobar">
																																																																										<hyperspace:child K="son" V="somni">
																																																																											<hyperspace:child K="somni" V="son">
																																																																												<hyperspace:child K="prendre" V="extreure">
																																																																													<hyperspace:child K="costelles" V="circuits">
																																																																														<hyperspace:child K="circumcidar" V="curtcircuitar">
																																																																															<hyperspace:child K="carn" V="massa">
																																																																																<hyperspace:child K="buit" V="ple">
																																																																																	<hyperspace:child K="ple" V="buit">
																																																																																		<hyperspace:child K="presentar" V="connectar">
																																																																																			<hyperspace:child K="unir" V="unificar">
																																																																																				<hyperspace:child K="unificar" V="unir">
																																																																																					<hyperspace:child K="ossos" V="dissenys">
																																																																																						<hyperspace:child K="nus" V="pelats">
																																																																																							<hyperspace:child K="pare" V="root">
																																																																																								<hyperspace:child K="mare" V="stem">
																																																																																									<hyperspace:child K="tija" V="mare">
																																																																																										<hyperspace:child K="arrel" V="pare">
																																																																																											<hyperspace:child K="exclamar" V="dir">
																																																																																												<hyperspace:child K="moment" V="instant">
																																																																																													<hyperspace:child K="instant" V="moment">
																																																																																													</hyperspace:child>
																																																																																												</hyperspace:child>
																																																																																											</hyperspace:child>
																																																																																										</hyperspace:child>
																																																																																									</hyperspace:child>
																																																																																								</hyperspace:child>
																																																																																							</hyperspace:child>
																																																																																						</hyperspace:child>
																																																																																					</hyperspace:child>
																																																																																				</hyperspace:child>
																																																																																			</hyperspace:child>
																																																																																		</hyperspace:child>
																																																																																	</hyperspace:child>
																																																																																</hyperspace:child>
																																																																															</hyperspace:child>
																																																																														</hyperspace:child>
																																																																													</hyperspace:child>
																																																																												</hyperspace:child>
																																																																											</hyperspace:child>
																																																																										</hyperspace:child>
																																																																									</hyperspace:child>
																																																																								</hyperspace:child>
																																																																							</hyperspace:child>
																																																																						</hyperspace:child>
																																																																					</hyperspace:child>
																																																																				</hyperspace:child>
																																																																			</hyperspace:child>
																																																																		</hyperspace:child>
																																																																	</hyperspace:child>
																																																																</hyperspace:child>
																																																															</hyperspace:child>
																																																														</hyperspace:child>
																																																													</hyperspace:child>
																																																												</hyperspace:child>
																																																											</hyperspace:child>
																																																										</hyperspace:child>
																																																									</hyperspace:child>
																																																								</hyperspace:child>
																																																							</hyperspace:child>
																																																						</hyperspace:child>
																																																					</hyperspace:child>
																																																				</hyperspace:child>
																																																			</hyperspace:child>
																																																		</hyperspace:child>
																																																	</hyperspace:child>
																																																</hyperspace:child>
																																															</hyperspace:child>
																																														</hyperspace:child>
																																													</hyperspace:child>
																																												</hyperspace:child>
																																											</hyperspace:child>
																																										</hyperspace:child>
																																									</hyperspace:child>
																																								</hyperspace:child>
																																							</hyperspace:child>
																																						</hyperspace:child>
																																					</hyperspace:child>
																																				</hyperspace:child>
																																			</hyperspace:child>
																																		</hyperspace:child>
																																	</hyperspace:child>
																																</hyperspace:child>
																															</hyperspace:child>
																														</hyperspace:child>
																													</hyperspace:child>
																												</hyperspace:child>
																											</hyperspace:child>
																										</hyperspace:child>
																									</hyperspace:child>
																								</hyperspace:child>
																							</hyperspace:child>
																						</hyperspace:child>
																					</hyperspace:child>
																				</hyperspace:child>
																			</hyperspace:child>
																		</hyperspace:child>
																	</hyperspace:child>
																</hyperspace:child>
															</hyperspace:child>
														</hyperspace:child>
													</hyperspace:child>
												</hyperspace:child>
											</hyperspace:child>
										</hyperspace:child>
									</hyperspace:child>
								</hyperspace:child>
							</hyperspace:child>
						</hyperspace:child>
					</hyperspace:child>
				</hyperspace:child>
			</hyperspace:child>
		</hyperspace:child>
	</hyperspace:child>
</hyperspace:child>