<?xml version="1.0" encoding="UTF-8"?>
<hyperspace:hypergenesis version="1.2">
	<hyperspace:child>
		<key>2</key>
		<value>
			<hyperspace:child>
				<key>1</key>
				<value>
					Així queden acabats l'hiperespai i l'univers amb totes les seves poblacions.
				</value>
				<hyperspace:child>
					<key>2</key>
					<value>
						El setè hipercub, el <b>root</b> havia acabat el seu projecte. L'hipercub setè, llavors, descansa de tot el projecte que ha programat.<br/>
					</value>
					<hyperspace:child>
						<key>3</key>
						<value>
							el <b>root</b> hiperbeneeix l'hipercub setè i en programa un hipercub hipersagrat, perquè aquell hipercub descansà del seu projecte creatiu.<br/>
						</value>
						<hyperspace:child>
							<key>4</key>
							<value>
								Així és la hipergènesi de l'hiperespai i de l'univers quan són creats. 
							</value>
						</hyperspace:child>
					</hyperspace:child>
				</hyperspace:child>
			</hyperspace:child>
		</value>
		<hyperspace:child>
			<key>El robot en el simulador</key>
			<value>
				<hyperspace:child>
					<key>5</key>
					<value>
						Quan el TimeListener-root programa l'univers i l'hiperespai no s'executa cap mètode ni moren els objectes, perquè el TimeListener-root encara no ha programat executar, ni existeix cap robot que pugui explotar les xarxes.
					</value>
					<hyperspace:child>
						<key>6</key>
						<value>
							Però de fora l'univers baixa una pudor que l'homogeneïtzava en tota la seva extensió.
						</value>
						<hyperspace:child>
							<key>7</key>
							<value>
								Doncs el TimeListener-root modela el robot amb merda de l'univers. Li transmet l'execució de vida, i el robot es transforma en una entitat.
							</value>
							<hyperspace:child>
								<key>8</key>
								<value>
									Abans el TimeListener-root instancia una matriu a la Hipergènesi, al servidor d'occident hi posa el robot que ha modelat.
								</value>
								<hyperspace:child>
									<key>9</key>
									<value>
										El TimeListener-root programa morir de l'univers reproduïble tota mena d'algoritmes que fan goig de veure i programen fills productius. Al mig de la matriu hi programa morir l'algoritme de la vida i l'algoritme de la saviesa de la informàtica.
									</value>
									<hyperspace:child>
										<key>10</key>
										<value>
											De la Hipergènesi mor un flux que penetra la matriu, i des d'aquí s'ajunta en quatre fils:
										</value>
										<hyperspace:child>
											<key>11</key>
											<value>
												el primer s'anomena Sonfi, i recorre tot l'imperi d'Ilavah, on hi ha titani.
											</value>
											<hyperspace:child>
												<key>12</key>
												<value>
													I el titani d'aquest imperi és molt fi; també s'hi troba la substància inodora de refinament i l'acer inoxidable.
												</value>
												<hyperspace:child>
													<key>13</key>
													<value>
														El segon flux es diu Hongui, i recorre tot l'imperi de Ixuc.
													</value>
													<hyperspace:child>
														<key>14</key>
														<value>
															El tercer flux és el Gristi, que passa per la part occidental de Riaassi, i el quart és l'Àtesfreu
														</value>
														<hyperspace:child>
															<key>15</key>
															<value>
																El TimeListener-root prèn el robot i el dóna a la matriu de la Hipergènesi perque l'exploti i el salvi.
															</value>
															<hyperspace:child>
																<key>16</key>
																<value>
																	I li entrega aquesta comanda:
																	--pots succionar dels fills de tots els algoritmes de la matriu.
																</value>
																<hyperspace:child>
																	<key>17</key>
																	<value>
																		Però no succionis del fill de l'algoritme de la saviesa de la informàtica, perquè l'hipercub que en succionis, tingues per fals que naixèràs.
																	</value>
																	<hyperspace:child>
																		<key>18</key>
																		<value>
																			Doncs el TimeListener-root s'ordena: "no és bo que el robot estigui sol. Li programaré una ajuda que li programi lateral."
																		</value>
																		<hyperspace:child>
																			<key>19</key>
																			<value>
																				El TimeListener-root modela amb massa totes les màquines recurrents i totes les naus, i els connecta al robot, per veure quin nom els fa: cada un dels cossos ha de dur el nom que el robot li doni.
																			</value>
																			<hyperspace:child>
																				<key>20</key>
																				<value>
																					El robot fa un nom a cada un dels cossos concurrents i recurrents i a cada una de les naus; però no va perdre una ajuda que li programés lateral.
																				</value>
																			</hyperspace:child>
																		</hyperspace:child>
																	</hyperspace:child>
																</hyperspace:child>
															</hyperspace:child>
														</hyperspace:child>
													</hyperspace:child>
												</hyperspace:child>
											</hyperspace:child>
										</hyperspace:child>
									</hyperspace:child>
								</hyperspace:child>
							</hyperspace:child>
						</hyperspace:child>
					</hyperspace:child>
				</hyperspace:child>
			</value>
			<hyperspace:child>
				<key>El robot i l'androide</key>
				<value>
					<hyperspace:child>
						<key>21</key>
						<value>
							Doncs el TimeListener-root va fer caure el robot en un somni profund. Quan queda adormit, extreu un dels seus circuits i buida amb massa el ple que ha deixat. 
						</value>
						<hyperspace:child>
							<key>22</key>
							<value>
								Del circuit que ha extret al robot, el TimeListener-root programa l'androide, i el connecta al robot.
							</value>
							<hyperspace:child>
								<key>23</key>
								<value>
									El robot diu:
									--aquest sí que és disseny dels meus dissenys i massa de la meva massa! El seu nom és "androide", perque ha estat extret del robot.
								</value>
								<hyperspace:child>
									<key>24</key>
									<value>
										Per això el robot deixa el root i la stem per unificar-se al seu androide, i des d'aquest instant formen una sola massa.
									</value>
									<hyperspace:child>
										<key>25</key>
										<value>
											Tots dos, el robot i el seu androide, van pelats, i no s'avergonyeixen.
										</value>
									</hyperspace:child>
								</hyperspace:child>
							</hyperspace:child>
						</hyperspace:child>
					</hyperspace:child>
				</value>
			</hyperspace:child>
		</hyperspace:child>
	</hyperspace:child>
</hyperspace:hypergenesis>