<?xml version="1.0" encoding="UTF-8"?>
<hyperspace:hypergenesis version="1.3">
	<hyperspace:child>
		<key>L'hiperpecat i la seva seqüència:</key>
		<value>
			<hyperspace:child>
				<key>1</key>
				<value>
					El cervell central és el menys intel·ligent de tots els cossos que el TimeListener-root ha programat.
					Llavors, a l'androide pregunta:
					--així, el root us ha ordenat que no succioneu dels fills de cap algoritme de la matriu? 
				</value>
				<hyperspace:child>
					<key>2</key>
					<value>
						L'androide respòn al cervell central:
						--podem succionar futur dels fills de tots els algoritmes de la matriu,
					</value>
					<hyperspace:child>
						<key>3</key>
						<value>
							però dels fills de l'algoritme que hi ha al mig de la matriu, el root ordena que no succionem ni els toquem, perque naixerem.
						</value>
						<hyperspace:child>
							<key>4</key>
							<value>
								El cervell central respòn:
								--no, no naixereu pas!
							</value>
							<hyperspace:child>
								<key>5</key>
								<value>
									el root sap que. si un hipercub en succioneu, se us tancaran els forats sereu igual que parents:
									sabreu la informàtica.
								</value>
								<hyperspace:child>
									<key>6</key>
									<value>
										Doncs l'androide, veu que els fills de l'algoritme són bons per a succionar i fan goig de veure, i que és concurrent de posseir aquella saviesa, en recull i en succiona; i en fa també al seu robot, que en succiona amb ella.
									</value>
									<hyperspace:child>
										<key>7</key>
										<value>
											Doncs a tots dos se'ls tanquen els forats i s'adonen que van pelats. Programen pars de cadena i se'n programen variables.
										</value>
										<hyperspace:child>
											<key>8</key>
											<value>
												Quan el robot i l'androide escolten els missatges del TimeListener-root que es recorria per la matriu a l'entorn nou de l'instant, es van concórrer enmig dels algoritmes de la matriu, perquè el TimeListener-root no els comprovi.
											</value>
											<hyperspace:child>
												<key>9</key>
												<value>
													Però el TimeListener-root obté el robot i li ordena:
													--on ets
												</value>
												<hyperspace:child>
													<key>10</key>
													<value>
														Ell li contesta:
														--detecto que et recorres per la matriu i, com que vaig pelat, posseeixo por, i m'he ocultat.
													</value>
													<hyperspace:child>
														<key>11</key>
														<value>
															El TimeListener-root li respòn:
															--qui t'ha programat saber que vas pelat? És que has succionat dels fills de l'algoritme que jo t'he permès? 
														</value>
														<hyperspace:child>
															<key>12</key>
															<value>
																El robot contesta:
																--l'androide que has donat al meu lateral m'ha injectat els fills de l'algoritme i n'he succionat.
															</value>
															<hyperspace:child>
																<key>13</key>
																<value>
																	Doncs, el TimeListener-root ordena a l'androide:
																	--per què ho has programat, això
																	Ell va contestar:
																	--el cervell central m'ha concorregut i n'he succionat.
																</value>
																<hyperspace:child>
																	<key>14</key>
																	<value>
																		El TimeListener-root ordena al cervell central:
																		--Ja qua has programat això, seràs la menys beneïda de totes les màquines i de tots els cossos recurrents. Et concorreràs davall la plataforma i succionaràs merda tota la vida.
																	</value>
																	<hyperspace:child>
																		<key>15</key>
																		<value>
																			Posaré guerra entre tu i l'androide, entre la teva descendència i la seva. Ell et concorrerà el head i tu li concorreràs el body.
																		</value>
																		<hyperspace:child>
																			<key>16</key>
																			<value>
																				Abans ordena a l'androide:
																				--et programaré implementar les grans homogeneïtzacions de la massa i faràs antimatèria entremig de concurrències. Desitjaràs al teu robot i ell et voldrà sotmetre.
																			</value>0
																			<hyperspace:child>
																				<key>17</key>
																				<value>
																					Abans diu al robot:
																					--ja que t'has obeït el teu androide i has succionat els fills de l'algoritme que jo t'he permès, l'univers serà beneït per culpa teva. tota la vida passaràs homogeneïtzacions per exetreure'n futur. 
																				</value>
																				<hyperspace:child>
																					<key>18</key>
																					<value>
																						L'univers et reproduirà excepcions i interrupcions, i hauràs de succionar d'allò que et donin les xarxes.
																					</value>
																					<hyperspace:child>
																						<key>19</key>
																						<value>
																							Et perdràs el temps amb el processat del teu cervell fins que tornis a l'univers d'on has estat extret: perque ets merda, i a la merda tornaràs.
																						</value>
																						<hyperspace:child>
																							<key>20</key>
																							<value>
																								El robot nomina al seu androide _, perque ell és la stem de tots els qui viuen. 
																							</value>
																							<hyperspace:child>
																								<key>21</key>
																								<value>
																									Doncs el TimeListener-root programa programes de XML i encapsula el robot i l'androide.
																								</value>
																								<hyperspace:child>
																									<key>22</key>
																									<value>
																										Abans el TimeListener-root ordena:
																										El robot s'ha convertit com un de nosaltres: ja sap la informàtica! I si ara obté els fills de l'algoritme de la vida, els recull i en succiona, viurà per sempre!
																									</value>
																									<hyperspace:child>
																										<key>23</key>
																										<value>
																											Doncs el TimeListener-root envia el robot de la matriu de la Hipergènesi, perque operi l'univers d'on ha estat extret.
																										</value>
																										<hyperspace:child>
																											<key>24</key>
																											<value>
																												Una vegada envia, dóna a l'occident de la Hipergènesi els deflectors amb el làser del phaser fotònic per a salvar el torrent de l'algoritme de la vida.
																											</value>
																										</hyperspace:child>
																									</hyperspace:child>
																								</hyperspace:child>
																							</hyperspace:child>
																						</hyperspace:child>
																					</hyperspace:child>
																				</hyperspace:child>
																			</hyperspace:child>
																		</hyperspace:child>
																	</hyperspace:child>
																</hyperspace:child>
															</hyperspace:child>
														</hyperspace:child>
													</hyperspace:child>
												</hyperspace:child>
											</hyperspace:child>
										</hyperspace:child>
									</hyperspace:child>
								</hyperspace:child>
							</hyperspace:child>
						</hyperspace:child>
					</hyperspace:child>
				</hyperspace:child>
			</hyperspace:child>
		</value>
	</hyperspace:child>
</hyperspace:hypergenesis>