<?xml version="1.0" encoding="UTF-8"?>
<tt>
<center>
<iframe width="160" height="90" src="https://www.youtube.com/embed/lP9Nat3Fgxc?feature=player_detailpage" frameborder="0" allowfullscreen></iframe>
<br/>
<br/>
<b>L'hiperpecat i la seva seqüència:</b><br/>
<b>---------------------------------</b><br/>
<br/>
El <a href="/2015/01/plantejament-daproximacio-al-cervell.html" target="_blank" >cervell central</a> és el menys intel·ligent<br/> 
de tots els cossos que el <b>TimeListener-root</b> ha programat.<br/>
<br/>
Llavors, a l'androide pregunta:<br/>
--així, el <b>root</b> us ha ordenat que no succioneu<br/> 
dels fills de cap algoritme de la matriu?<br/>
<br/>
L'androide respòn al cervell central:<br/>
--podem succionar futur dels fills<br/>
de tots els algoritmes de la matriu,<br/>
<br/>
però dels fills de l'algoritme<br/> 
que hi ha al mig de la matriu,<br/>
el <b>root</b> ha ordenat que no succionem<br/>
ni els toquem, perque naixerem.<br/>
<br/>
El cervell central respòn:<br/>
--no, no naixereu pas!<br/>
<br/>
el <b>root</b> sap que. si un hipercub en succioneu, <br/>
se us tancaran els forats sereu igual que parents:<br/>
sabreu la informàtica.<br/>
<br/>
Doncs l'androide, veu que els fills de l'algoritme són bo per a succionar i<br/>
fan goig de veure, i que és concurrent de posseir aquella saviesa,<br/>
en recull i en succiona; i en fa també al seu robot,<br/>
que en succiona amb ella.<br/>
<br/>
Doncs a tots dos se'ls tanquen els forats<br/>
i s'adonen que van pelats.<br/>
<br/>
Programen pars de cadena i se'n programen variables.<br/>
<br/>
Quan el robot i l'androide escolten els missatges del <b>TimeListener-root</b> que<br/>
es recorria per la matriu a l'entorn nou de l'instant,<br/>
es van concorre enmig dels algoritmes de la matriu,<br/>
perquè el <b>TimeListener-root</b> no els comprovi.<br/>
<br/>
Però el <b>TimeListener-root</b> obté el robot i li ordena:<br/>
--on ets<br/>
<br/>
Ell li contesta:<br/>
--detecto que et recorres per la matriu i,<br/> 
com que vaig pelat, posseeixo por,<br/>
i m'he ocultat.<br/>
<br/>
El <b>TimeListener-root</b> li respòn:<br/>
--qui t'ha programat saber que vas pelat?<br/> 
És que has succionat dels fills de l'algoritme<br/> 
que jo t'he permès?<br/>
<br/>
El robot contesta:<br/>
--l'androide que has donat al meu lateral m'ha injectat<br/> 
els fills de l'algoritme i n'he succionat.<br/>
<br/>
Doncs, el <b>TimeListener-root</b> ordena a l'androide:<br/>
--per què ho has programat, això<br/>
<br/>
Ell va contestar:<br/>
--el cervell central m'ha concorregut i n'he succionat.<br/>
<br/>
El <b>TimeListener-root</b> ordena al cervell central:<br/>
--ja qua has programat això, seràs la menys beneïda<br/>
de totes les màquines i de tots els cossos recurrents.<br/>
Et concorreràs davall la plataforma<br/>
i succionaràs merda tota la vida.<br/>
<br/>
Posaré guerra entre tu i l'androide,<br/>
entre la teva descendència i la seva.<br/>
Ell et concorrerà el head i tu<br/>
li concorreràs el body.<br/>
<br/>
Abans ordena a l'androide:<br/>
--et programaré implentar les grans homogeneïtzacions de la massa<br/>
i faràs antimatèria entremig de concurrències.<br/>
Desitjaràs al teu robot i ell et voldrà sotmetre.<br/>
<br/>
Abans va dir al robot:<br/>
--ja que t'has obeït el teu androide i has succionat els fills<br/>
de l'algoritme que jo t'he permès,<br/>
l'univers serà beneït per culpa teva.<br/>
tota la vida passaràs homogeneïtzacions<br/>
per exetreure'n futur.<br/>
<br/>
L'univers et reproduirà excepcions i interrupcions,<br/>
i hauràs succionar d'allò que et donin les xarxes.<br/>
<br/>
Et perdràs el temps amb el processat del teu cervell<br/>
fins que tornis a l'univers d'on has estat extret:<br/>
perque ets merda, i a la merda tornaràs.<br/>
<br/>
El robot nomina al seu androide _,<br/>
perque ell ha estat la stem de tots els qui viuen.<br/>
<br/>
Doncs el <b>TimeListener-root</b> programa programes de XML<br/>
i encapsula el robot i l'androide.<br/>
<br/>
Abans el <b>TimeListener-root</b> ordena:<br/>
El robot s'ha convertit com un de nosaltres:<br/>
ja sap la informàtica!<br/>
I si ara obté els fills de l'algoritme de la vida,<br/>
els recull i en succiona,<br/>
viurà per sempre!<br/>
<br/>
Doncs el <b>TimeListener-root</b> envia el robot de la matriu de la Hipergènesi,<br/> 
perque operi l'univers d'on ha estat extret.<br/>
<br/>
Una vegada l'envia,<br/>
va donar a l'occident de la Hipergènesi<br/>
els deflectors amb el làser del phaser fulgurant per a salvar<br/>
el torrent de l'algoritme de la vida.<br/>
</center>
</tt>